mechanism,language,class,n_true,n_predicted,precision,recall,f1
ER,en,0,388,401,0.8379052369077307,0.865979381443299,0.8517110266159695
ER,en,1,182,212,0.5849056603773585,0.6813186813186813,0.6294416243654822
ER,en,2,43,0,0.0,0.0,0.0
ER,pt,0,388,384,0.8541666666666666,0.845360824742268,0.8497409326424871
ER,pt,1,182,229,0.5764192139737991,0.7252747252747253,0.6423357664233577
ER,pt,2,43,0,0.0,0.0,0.0
IP,en,0,341,330,0.896969696969697,0.8680351906158358,0.8822652757078987
IP,en,1,20,0,0.0,0.0,0.0
IP,en,2,252,283,0.8056537102473498,0.9047619047619048,0.8523364485981308
IP,pt,0,341,351,0.8547008547008547,0.8797653958944281,0.8670520231213873
IP,pt,1,20,0,0.0,0.0,0.0
IP,pt,2,252,262,0.8091603053435115,0.8412698412698413,0.8249027237354085
EX,en,0,519,518,0.9768339768339769,0.9749518304431599,0.9758919961427194
EX,en,1,22,0,0.0,0.0,0.0
EX,en,2,72,95,0.6631578947368421,0.875,0.7544910179640718
EX,pt,0,519,511,0.9765166340508806,0.9614643545279383,0.9689320388349515
EX,pt,1,22,0,0.0,0.0,0.0
EX,pt,2,72,102,0.6274509803921569,0.8888888888888888,0.735632183908046
