row_id,group_id,split
0,0,test
1,1,validation
2,2,train
3,3,test
4,4,train
5,5,validation
6,6,train
7,7,train
8,8,validation
9,9,train
10,10,train
11,11,train
12,12,test
13,13,test
14,14,validation
15,15,train
16,16,train
17,17,train
18,18,validation
19,19,test
20,20,train
21,21,train
22,22,train
23,23,validation
24,24,train
25,25,train
26,26,train
27,27,test
28,28,validation
29,29,train
30,30,train
31,31,train
32,32,test
33,33,validation
34,34,train
35,35,train
36,36,train
37,37,validation
38,38,test
39,39,train
40,40,train
41,41,train
42,42,validation
43,43,test
44,44,validation
45,45,train
46,46,train
47,47,train
48,48,train
49,49,train
50,50,test
51,51,validation
52,52,train
53,53,train
54,54,test
55,55,train
56,56,validation
57,57,train
58,58,train
59,59,train
60,60,test
61,61,train
62,62,validation
63,63,train
64,64,train
65,65,test
66,66,validation
67,67,train
68,68,train
69,69,train
70,70,test
71,71,validation
72,72,test
73,73,train
74,74,train
75,75,train
76,76,validation
77,77,train
78,78,train
79,79,train
80,80,test
81,81,validation
82,82,validation
83,83,train
84,84,train
85,85,train
86,86,test
87,87,validation
88,88,train
89,89,train
90,90,train
91,91,test
92,92,test
93,93,validation
94,94,train
95,95,train
96,96,train
97,97,train
98,98,validation
99,99,train
100,100,train
101,101,train
102,102,test
103,103,validation
104,104,train
105,105,train
106,106,train
107,107,train
108,108,test
109,109,train
110,110,train
111,111,validation
112,112,train
113,113,test
114,114,validation
115,115,train
116,116,train
117,117,train
118,118,test
119,119,train
120,120,validation
121,121,train
122,122,train
123,123,test
124,124,validation
125,125,train
126,126,train
127,127,train
128,128,test
129,129,validation
130,130,train
131,131,train
132,132,test
133,133,train
134,134,validation
135,135,train
136,136,train
137,137,train
138,138,test
139,139,train
140,140,validation
141,141,train
142,142,train
143,143,test
144,144,validation
145,145,train
146,146,train
147,147,train
148,148,train
149,149,validation
150,150,test
151,151,train
152,152,train
153,153,test
154,154,validation
155,155,train
156,156,train
157,157,test
158,158,validation
159,159,train
160,160,train
161,161,train
162,162,test
163,163,validation
164,164,train
165,165,train
166,166,train
167,167,train
168,168,train
169,169,test
170,170,validation
171,171,train
172,172,train
173,173,train
174,174,test
175,175,validation
176,176,train
177,177,train
178,178,validation
179,179,train
180,180,train
181,181,test
182,182,train
183,183,train
184,184,test
185,185,validation
186,186,train
187,187,test
188,188,train
189,189,train
190,190,validation
191,191,train
192,192,train
193,193,validation
194,194,train
195,195,test
196,196,train
197,197,train
198,198,train
199,199,test
200,200,validation
201,201,train
202,202,train
203,203,train
204,204,test
205,205,validation
206,206,train
207,207,train
208,208,train
209,209,train
210,210,test
211,211,validation
212,212,train
213,213,train
214,214,test
215,215,validation
216,216,train
217,217,train
218,218,train
219,219,test
220,220,validation
221,221,train
222,222,train
223,223,validation
224,224,train
225,225,test
226,226,validation
227,227,train
228,228,train
229,229,validation
230,230,train
231,231,test
232,232,train
233,233,train
234,234,train
235,235,test
236,236,validation
237,237,train
238,238,train
239,239,train
240,240,train
241,241,train
242,242,train
243,243,test
244,244,validation
245,245,train
246,246,train
247,247,test
248,248,validation
249,249,train
250,250,train
251,251,train
252,252,test
253,253,validation
254,254,train
255,255,train
256,256,train
257,257,validation
258,258,test
259,259,test
260,260,train
261,261,train
262,262,train
263,263,test
264,264,validation
265,265,train
266,266,train
267,267,train
268,268,test
269,269,validation
270,270,train
271,271,train
272,272,train
273,273,test
274,274,validation
275,275,train
276,276,train
277,277,train
278,278,validation
279,279,test
280,280,train
281,281,train
282,282,train
283,283,test
284,284,validation
285,285,train
286,286,train
287,287,train
288,288,train
289,289,test
290,290,validation
291,291,train
292,292,train
293,293,test
294,294,validation
295,295,train
296,296,train
297,297,train
298,298,validation
299,299,test
300,300,train
301,301,train
302,302,validation
303,303,train
304,304,test
305,305,train
306,306,train
307,307,train
308,308,test
309,309,validation
310,310,train
311,311,train
312,312,train
313,313,test
314,314,validation
315,315,train
316,316,train
317,317,train
318,318,test
319,319,validation
320,320,train
321,321,train
322,322,test
323,323,train
324,324,train
325,325,validation
326,326,train
327,327,train
328,328,test
329,329,train
330,330,train
331,331,train
332,332,validation
333,333,train
334,334,train
335,335,test
336,336,validation
337,337,train
338,338,train
339,339,train
340,340,validation
341,341,test
342,342,train
343,343,train
344,344,train
345,345,train
346,346,validation
347,347,test
348,348,validation
349,349,train
350,350,train
351,351,train
352,352,test
353,353,validation
354,354,train
355,355,train
356,356,train
357,357,train
358,358,test
359,359,validation
360,360,train
361,361,train
362,362,train
363,363,train
364,364,test
365,365,validation
366,366,train
367,367,train
368,368,test
369,369,train
370,370,train
371,371,validation
372,372,train
373,373,test
374,374,validation
375,375,train
376,376,validation
377,377,train
378,378,train
379,379,train
380,380,train
381,381,test
382,382,validation
383,383,train
384,384,train
385,385,test
386,386,validation
387,387,train
388,388,train
389,389,train
390,390,test
391,391,train
392,392,train
393,393,validation
394,394,test
395,395,train
396,396,test
397,397,train
398,398,train
399,399,validation
400,400,test
401,401,validation
402,402,train
403,403,train
404,404,train
405,405,test
406,406,validation
407,407,train
408,408,train
409,409,train
410,410,test
411,411,validation
412,412,train
413,413,train
414,414,test
415,415,train
416,416,validation
417,417,train
418,418,train
419,419,train
420,420,train
421,421,train
422,422,test
423,423,validation
424,424,train
425,425,train
426,426,test
427,427,validation
428,428,train
429,429,train
430,430,train
431,431,train
432,432,test
433,433,validation
434,434,train
435,435,train
436,436,train
437,437,test
438,438,validation
439,439,train
440,440,train
441,441,test
442,442,train
443,443,train
444,444,validation
445,445,train
446,446,train
447,447,train
448,448,test
449,449,validation
450,450,train
451,451,train
452,452,test
453,453,train
454,454,test
455,455,validation
456,456,train
457,457,train
458,458,train
459,459,test
460,460,validation
461,461,train
462,462,train
463,463,train
464,464,train
465,465,validation
466,466,train
467,467,train
468,468,test
469,469,validation
470,470,train
471,471,train
472,472,test
473,473,validation
474,474,train
475,475,train
476,476,train
477,477,test
478,478,train
479,479,validation
480,480,train
481,481,train
482,482,test
483,483,validation
484,484,test
485,485,train
486,486,test
487,487,train
488,488,train
489,489,validation
490,490,train
491,491,train
492,492,test
493,493,train
494,494,train
495,495,validation
496,496,train
497,497,test
498,498,train
499,499,train
500,500,validation
501,501,train
502,502,train
503,503,test
504,504,validation
505,505,train
506,506,train
507,507,train
508,508,test
509,509,validation
510,510,train
511,511,validation
512,512,train
513,513,test
514,514,train
515,515,train
516,516,train
517,517,validation
518,518,train
519,519,test
520,520,train
521,521,train
522,522,validation
523,523,train
524,524,test
525,525,train
526,526,validation
527,527,train
528,528,train
529,529,train
530,530,train
531,531,test
532,532,validation
533,533,train
534,534,train
535,535,train
536,536,test
537,537,validation
538,538,train
539,539,train
540,540,train
541,541,test
542,542,validation
543,543,train
544,544,test
545,545,train
546,546,train
547,547,validation
548,548,train
549,549,train
550,550,test
551,551,train
552,552,validation
553,553,train
554,554,train
555,555,test
556,556,train
557,557,validation
558,558,train
559,559,train
560,560,train
561,561,test
562,562,validation
563,563,train
564,564,train
565,565,validation
566,566,train
567,567,test
568,568,train
569,569,train
570,570,train
571,571,test
572,572,validation
573,573,train
574,574,train
575,575,train
576,576,test
577,577,validation
578,578,train
579,579,train
580,580,train
581,581,train
582,582,test
583,583,validation
584,584,train
585,585,test
586,586,train
587,587,test
588,588,validation
589,589,train
590,590,train
591,591,validation
592,592,train
593,593,train
594,594,train
595,595,test
596,596,train
597,597,validation
598,598,test
599,599,train
600,600,train
601,601,train
602,602,train
603,603,train
604,604,validation
605,605,train
606,606,test
607,607,train
608,608,validation
609,609,train
610,610,train
611,611,test
612,612,train
613,613,test
614,614,validation
615,615,train
616,616,train
617,617,validation
618,618,train
619,619,test
620,620,train
621,621,train
622,622,test
623,623,validation
624,624,train
625,625,train
626,626,train
627,627,train
628,628,test
629,629,validation
630,630,train
631,631,train
632,632,test
633,633,validation
634,634,train
635,635,train
636,636,train
637,637,test
638,638,train
639,639,validation
640,640,train
641,641,train
642,642,test
643,643,train
644,644,train
645,645,validation
646,646,train
647,647,train
648,648,test
649,649,train
650,650,validation
651,651,train
652,652,test
653,653,train
654,654,validation
655,655,train
656,656,train
657,657,test
658,658,train
659,659,test
660,660,validation
661,661,train
662,662,train
663,663,validation
664,664,train
665,665,train
666,666,test
667,667,train
668,668,train
669,669,validation
670,670,train
671,671,test
672,672,train
673,673,train
674,674,validation
675,675,train
676,676,train
677,677,test
678,678,train
679,679,validation
680,680,train
681,681,train
682,682,test
683,683,train
684,684,validation
685,685,train
686,686,train
687,687,test
688,688,validation
689,689,train
690,690,train
691,691,train
692,692,test
693,693,validation
694,694,train
695,695,train
696,696,validation
697,697,train
698,698,test
699,699,train
700,700,validation
701,701,train
702,702,train
703,703,test
704,704,validation
705,705,train
706,706,train
707,707,train
708,708,test
709,709,train
710,710,validation
711,711,train
712,712,train
713,713,test
714,714,validation
715,715,train
716,716,train
717,717,train
718,718,test
719,719,train
720,720,validation
721,721,train
722,722,train
723,723,train
724,724,test
725,725,validation
726,726,train
727,727,train
728,728,train
729,729,test
730,730,validation
731,731,train
732,732,train
733,733,train
734,734,test
735,735,train
736,736,train
737,737,validation
738,738,train
739,739,train
740,740,test
741,741,train
742,742,validation
743,743,train
744,744,train
745,745,test
746,746,train
747,747,validation
748,748,train
749,749,train
750,750,validation
751,751,train
752,752,test
753,753,train
754,754,train
755,755,train
756,756,test
757,757,validation
758,758,train
759,759,train
760,760,train
761,761,test
762,762,validation
763,763,train
764,764,train
765,765,test
766,766,train
767,767,train
768,768,validation
769,769,train
770,770,test
771,771,train
772,772,validation
773,773,train
774,774,train
775,775,test
776,776,validation
777,777,train
778,778,train
779,779,train
780,780,test
781,781,validation
782,782,train
783,783,train
784,784,train
785,785,test
786,786,validation
787,787,train
788,788,train
789,789,train
790,790,train
791,791,test
792,792,train
793,793,validation
794,794,train
795,795,test
796,796,validation
797,797,train
798,798,train
799,799,train
800,800,test
801,801,train
802,802,validation
803,803,train
804,804,train
805,805,train
806,806,test
807,807,validation
808,808,train
809,809,train
810,810,train
811,811,train
812,812,test
813,813,validation
814,814,train
815,815,validation
816,816,train
817,817,train
818,818,test
819,819,train
820,820,train
821,821,train
822,822,test
823,823,validation
824,824,train
825,825,validation
826,826,train
827,827,train
828,828,test
829,829,train
830,830,test
831,831,validation
832,832,train
833,833,test
834,834,train
835,835,train
836,836,test
837,837,validation
838,838,train
839,839,train
840,840,train
841,841,train
842,842,train
843,843,train
844,844,test
845,845,validation
846,846,train
847,847,train
848,848,train
849,849,test
850,850,validation
851,851,test
852,852,train
853,853,train
854,854,validation
855,855,train
856,856,test
857,857,validation
858,858,train
859,859,train
860,860,train
861,861,train
862,862,test
863,863,validation
864,864,validation
865,865,train
866,866,train
867,867,validation
868,868,test
869,869,train
870,870,train
871,871,train
872,872,train
873,873,test
874,874,validation
875,875,train
876,876,train
877,877,train
878,878,train
879,879,test
880,880,validation
881,881,train
882,882,train
883,883,train
884,884,test
885,885,train
886,886,validation
887,887,test
888,888,validation
889,889,train
890,890,train
891,891,train
892,892,train
893,893,test
894,894,validation
895,895,train
896,896,train
897,897,train
898,898,test
899,899,train
900,900,validation
901,901,train
902,902,train
903,903,train
904,904,train
905,905,test
906,906,validation
907,907,train
908,908,validation
909,909,train
910,910,train
911,911,test
912,912,train
913,913,train
914,914,test
915,915,train
916,916,validation
917,917,train
918,918,train
919,919,train
920,920,validation
921,921,train
922,922,test
923,923,train
924,924,test
925,925,test
926,926,validation
927,927,train
928,928,train
929,929,train
930,930,validation
931,931,train
932,932,train
933,933,train
934,934,test
935,935,validation
936,936,train
937,937,train
938,938,train
939,939,train
940,940,test
941,941,validation
942,942,train
943,943,train
944,944,test
945,945,train
946,946,validation
947,947,train
948,948,train
949,949,test
950,950,train
951,951,train
952,952,validation
953,953,train
954,954,test
955,955,train
956,956,validation
957,957,train
958,958,train
959,959,train
960,960,test
961,961,validation
962,962,train
963,963,train
964,964,test
965,965,train
966,966,test
967,967,validation
968,968,train
969,969,train
970,970,train
971,971,train
972,972,test
973,973,validation
974,974,train
975,975,validation
976,976,train
977,977,train
978,978,test
979,979,validation
980,980,train
981,981,train
982,982,train
983,983,test
984,984,train
985,985,validation
986,986,train
987,987,train
988,988,train
989,989,test
990,990,validation
991,991,train
992,992,train
993,993,test
994,994,train
995,995,validation
996,996,train
997,997,train
998,998,train
999,999,test
1000,1000,validation
1001,1001,train
1002,1002,train
1003,1003,test
1004,1004,train
1005,1005,train
1006,1006,test
1007,1007,validation
1008,1008,train
1009,1009,train
1010,1010,train
1011,1011,test
1012,1012,validation
1013,1013,train
1014,1014,train
1015,1015,train
1016,1016,train
1017,1017,validation
1018,1018,test
1019,1019,train
1020,1020,train
1021,1021,test
1022,1022,validation
1023,1023,train
1024,1024,train
1025,1025,train
1026,1026,train
1027,1027,test
1028,1028,validation
1029,1029,train
1030,1030,train
1031,1031,test
1032,1032,train
1033,1033,validation
1034,1034,train
1035,1035,train
1036,1036,train
1037,1037,test
1038,1038,validation
1039,1039,train
1040,1040,train
1041,1041,test
1042,1042,validation
1043,1043,train
1044,1044,train
1045,1045,train
1046,1046,validation
1047,1047,train
1048,1048,test
1049,1049,train
1050,1050,train
1051,1051,test
1052,1052,validation
1053,1053,train
1054,1054,train
1055,1055,validation
1056,1056,train
1057,1057,train
1058,1058,train
1059,1059,test
1060,1060,train
1061,1061,test
1062,1062,validation
1063,1063,train
1064,1064,train
1065,1065,train
1066,1066,train
1067,1067,test
1068,1068,validation
1069,1069,train
1070,1070,validation
1071,1071,train
1072,1072,train
1073,1073,test
1074,1074,train
1075,1075,train
1076,1076,train
1077,1077,validation
1078,1078,train
1079,1079,test
1080,1080,train
1081,1081,test
1082,1082,validation
1083,1083,validation
1084,1084,train
1085,1085,train
1086,1086,train
1087,1087,train
1088,1088,train
1089,1089,test
1090,1090,validation
1091,1091,train
1092,1092,test
1093,1093,validation
1094,1094,train
1095,1095,train
1096,1096,train
1097,1097,train
1098,1098,test
1099,1099,validation
1100,1100,train
1101,1101,train
1102,1102,train
1103,1103,test
1104,1104,validation
1105,1105,train
1106,1106,train
1107,1107,train
1108,1108,test
1109,1109,train
1110,1110,validation
1111,1111,train
1112,1112,validation
1113,1113,test
1114,1114,train
1115,1115,train
1116,1116,train
1117,1117,test
1118,1118,train
1119,1119,validation
1120,1120,train
1121,1121,train
1122,1122,train
1123,1123,test
1124,1124,validation
1125,1125,train
1126,1126,train
1127,1127,train
1128,1128,test
1129,1129,validation
1130,1130,train
1131,1131,train
1132,1132,train
1133,1133,test
1134,1134,validation
1135,1135,train
1136,1136,train
1137,1137,train
1138,1138,train
1139,1139,test
1140,1140,validation
1141,1141,train
1142,1142,train
1143,1143,test
1144,1144,validation
1145,1145,train
1146,1146,train
1147,1147,train
1148,1148,test
1149,1149,validation
1150,1150,train
1151,1151,train
1152,1152,validation
1153,1153,test
1154,1154,train
1155,1155,train
1156,1156,train
1157,1157,test
1158,1158,validation
1159,1159,train
1160,1160,train
1161,1161,train
1162,1162,test
1163,1163,validation
1164,1164,train
1165,1165,train
1166,1166,train
1167,1167,test
1168,1168,validation
1169,1169,train
1170,1170,train
1171,1171,validation
1172,1172,train
1173,1173,train
1174,1174,test
1175,1175,train
1176,1176,train
1177,1177,validation
1178,1178,test
1179,1179,train
1180,1180,train
1181,1181,train
1182,1182,test
1183,1183,validation
1184,1184,train
1185,1185,train
1186,1186,train
1187,1187,test
1188,1188,validation
1189,1189,train
1190,1190,train
1191,1191,train
1192,1192,test
1193,1193,train
1194,1194,validation
1195,1195,train
1196,1196,train
1197,1197,test
1198,1198,train
1199,1199,validation
1200,1200,train
1201,1201,train
1202,1202,test
1203,1203,train
1204,1204,validation
1205,1205,train
1206,1206,train
1207,1207,test
1208,1208,validation
1209,1209,train
1210,1210,train
1211,1211,train
1212,1212,train
1213,1213,validation
1214,1214,train
1215,1215,train
1216,1216,test
1217,1217,train
1218,1218,validation
1219,1219,test
1220,1220,train
1221,1221,train
1222,1222,train
1223,1223,test
1224,1224,validation
1225,1225,train
1226,1226,train
1227,1227,train
1228,1228,train
1229,1229,test
1230,1230,validation
1231,1231,train
1232,1232,train
1233,1233,train
1234,1234,train
1235,1235,train
1236,1236,test
1237,1237,validation
1238,1238,train
1239,1239,train
1240,1240,test
1241,1241,train
1242,1242,validation
1243,1243,validation
1244,1244,train
1245,1245,train
1246,1246,test
1247,1247,train
1248,1248,train
1249,1249,validation
1250,1250,test
1251,1251,train
1252,1252,train
1253,1253,train
1254,1254,train
1255,1255,test
1256,1256,validation
1257,1257,test
1258,1258,train
1259,1259,train
1260,1260,validation
1261,1261,test
1262,1262,train
1263,1263,train
1264,1264,train
1265,1265,test
1266,1266,validation
1267,1267,validation
1268,1268,train
1269,1269,train
1270,1270,train
1271,1271,train
1272,1272,test
1273,1273,validation
1274,1274,train
1275,1275,train
1276,1276,test
1277,1277,validation
1278,1278,train
1279,1279,train
1280,1280,train
1281,1281,validation
1282,1282,test
1283,1283,train
1284,1284,train
1285,1285,train
1286,1286,test
1287,1287,validation
1288,1288,train
1289,1289,train
1290,1290,train
1291,1291,train
1292,1292,train
1293,1293,test
1294,1294,validation
1295,1295,train
1296,1296,train
1297,1297,test
1298,1298,validation
1299,1299,train
1300,1300,train
1301,1301,train
1302,1302,train
1303,1303,test
1304,1304,validation
1305,1305,train
1306,1306,train
1307,1307,test
1308,1308,validation
1309,1309,train
1310,1310,train
1311,1311,train
1312,1312,test
1313,1313,train
1314,1314,train
1315,1315,validation
1316,1316,train
1317,1317,test
1318,1318,train
1319,1319,train
1320,1320,validation
1321,1321,train
1322,1322,train
1323,1323,test
1324,1324,train
1325,1325,test
1326,1326,validation
1327,1327,train
1328,1328,validation
1329,1329,train
1330,1330,train
1331,1331,test
1332,1332,validation
1333,1333,train
1334,1334,train
1335,1335,train
1336,1336,test
1337,1337,train
1338,1338,validation
1339,1339,train
1340,1340,validation
1341,1341,train
1342,1342,train
1343,1343,train
1344,1344,test
1345,1345,train
1346,1346,train
1347,1347,validation
1348,1348,train
1349,1349,test
1350,1350,train
1351,1351,train
1352,1352,train
1353,1353,test
1354,1354,validation
1355,1355,train
1356,1356,train
1357,1357,test
1358,1358,validation
1359,1359,train
1360,1360,train
1361,1361,train
1362,1362,test
1363,1363,train
1364,1364,train
1365,1365,validation
1366,1366,train
1367,1367,test
1368,1368,validation
1369,1369,train
1370,1370,train
1371,1371,train
1372,1372,train
1373,1373,test
1374,1374,validation
1375,1375,train
1376,1376,train
1377,1377,test
1378,1378,train
1379,1379,validation
1380,1380,train
1381,1381,train
1382,1382,test
1383,1383,validation
1384,1384,train
1385,1385,train
1386,1386,train
1387,1387,test
1388,1388,validation
1389,1389,train
1390,1390,train
1391,1391,train
1392,1392,test
1393,1393,validation
1394,1394,train
1395,1395,train
1396,1396,train
1397,1397,validation
1398,1398,train
1399,1399,train
1400,1400,train
1401,1401,test
1402,1402,validation
1403,1403,train
1404,1404,train
1405,1405,train
1406,1406,test
1407,1407,train
1408,1408,test
1409,1409,validation
1410,1410,train
1411,1411,train
1412,1412,test
1413,1413,train
1414,1414,validation
1415,1415,train
1416,1416,train
1417,1417,test
1418,1418,validation
1419,1419,train
1420,1420,train
1421,1421,train
1422,1422,test
1423,1423,validation
1424,1424,train
1425,1425,train
1426,1426,test
1427,1427,train
1428,1428,train
1429,1429,validation
1430,1430,train
1431,1431,test
1432,1432,train
1433,1433,train
1434,1434,validation
1435,1435,train
1436,1436,train
1437,1437,train
1438,1438,test
1439,1439,train
1440,1440,validation
1441,1441,test
1442,1442,train
1443,1443,train
1444,1444,validation
1445,1445,train
1446,1446,train
1447,1447,train
1448,1448,test
1449,1449,validation
1450,1450,train
1451,1451,train
1452,1452,test
1453,1453,validation
1454,1454,train
1455,1455,train
1456,1456,train
1457,1457,test
1458,1458,validation
1459,1459,train
1460,1460,train
1461,1461,train
1462,1462,test
1463,1463,train
1464,1464,train
1465,1465,validation
1466,1466,train
1467,1467,test
1468,1468,test
1469,1469,validation
1470,1470,train
1471,1471,train
1472,1472,train
1473,1473,test
1474,1474,validation
1475,1475,train
1476,1476,train
1477,1477,train
1478,1478,train
1479,1479,train
1480,1480,train
1481,1481,validation
1482,1482,test
1483,1483,validation
1484,1484,test
1485,1485,train
1486,1486,train
1487,1487,train
1488,1488,train
1489,1489,test
1490,1490,validation
1491,1491,train
1492,1492,train
1493,1493,test
1494,1494,validation
1495,1495,train
1496,1496,validation
1497,1497,train
1498,1498,train
1499,1499,train
1500,1500,train
1501,1501,test
1502,1502,train
1503,1503,test
1504,1504,validation
1505,1505,train
1506,1506,train
1507,1507,train
1508,1508,test
1509,1509,validation
1510,1510,train
1511,1511,train
1512,1512,train
1513,1513,test
1514,1514,validation
1515,1515,train
1516,1516,train
1517,1517,train
1518,1518,test
1519,1519,train
1520,1520,train
1521,1521,validation
1522,1522,validation
1523,1523,train
1524,1524,test
1525,1525,train
1526,1526,train
1527,1527,train
1528,1528,test
1529,1529,train
1530,1530,validation
1531,1531,train
1532,1532,train
1533,1533,test
1534,1534,train
1535,1535,train
1536,1536,validation
1537,1537,train
1538,1538,test
1539,1539,train
1540,1540,validation
1541,1541,train
1542,1542,train
1543,1543,train
1544,1544,test
1545,1545,validation
1546,1546,train
1547,1547,train
1548,1548,test
1549,1549,train
1550,1550,validation
1551,1551,train
1552,1552,train
1553,1553,test
1554,1554,validation
1555,1555,train
1556,1556,train
1557,1557,train
1558,1558,train
1559,1559,validation
1560,1560,train
1561,1561,test
1562,1562,train
1563,1563,test
1564,1564,validation
1565,1565,train
1566,1566,train
1567,1567,train
1568,1568,validation
1569,1569,train
1570,1570,test
1571,1571,train
1572,1572,train
1573,1573,train
1574,1574,test
1575,1575,validation
1576,1576,train
1577,1577,test
1578,1578,validation
1579,1579,train
1580,1580,train
1581,1581,train
1582,1582,train
1583,1583,test
1584,1584,train
1585,1585,validation
1586,1586,train
1587,1587,train
1588,1588,test
1589,1589,validation
1590,1590,train
1591,1591,train
1592,1592,train
1593,1593,train
1594,1594,test
1595,1595,validation
1596,1596,train
1597,1597,train
1598,1598,train
1599,1599,train
1600,1600,test
1601,1601,validation
1602,1602,train
1603,1603,train
1604,1604,train
1605,1605,test
1606,1606,validation
1607,1607,train
1608,1608,train
1609,1609,test
1610,1610,train
1611,1611,validation
1612,1612,train
1613,1613,train
1614,1614,test
1615,1615,train
1616,1616,train
1617,1617,test
1618,1618,validation
1619,1619,train
1620,1620,validation
1621,1621,train
1622,1622,train
1623,1623,train
1624,1624,test
1625,1625,train
1626,1626,validation
1627,1627,test
1628,1628,train
1629,1629,train
1630,1630,test
1631,1631,train
1632,1632,validation
1633,1633,train
1634,1634,train
1635,1635,test
1636,1636,validation
1637,1637,train
1638,1638,train
1639,1639,test
1640,1640,train
1641,1641,validation
1642,1642,train
1643,1643,train
1644,1644,test
1645,1645,train
1646,1646,validation
1647,1647,train
1648,1648,train
1649,1649,train
1650,1650,test
1651,1651,train
1652,1652,validation
1653,1653,train
1654,1654,train
1655,1655,train
1656,1656,test
1657,1657,validation
1658,1658,train
1659,1659,train
1660,1660,validation
1661,1661,test
1662,1662,train
1663,1663,train
1664,1664,train
1665,1665,test
1666,1666,validation
1667,1667,train
1668,1668,train
1669,1669,validation
1670,1670,train
1671,1671,test
1672,1672,validation
1673,1673,train
1674,1674,train
1675,1675,train
1676,1676,test
1677,1677,validation
1678,1678,train
1679,1679,train
1680,1680,train
1681,1681,train
1682,1682,test
1683,1683,validation
1684,1684,train
1685,1685,train
1686,1686,train
1687,1687,test
1688,1688,validation
1689,1689,train
1690,1690,train
1691,1691,train
1692,1692,train
1693,1693,test
1694,1694,validation
1695,1695,train
1696,1696,validation
1697,1697,train
1698,1698,train
1699,1699,train
1700,1700,test
1701,1701,validation
1702,1702,test
1703,1703,train
1704,1704,train
1705,1705,train
1706,1706,train
1707,1707,train
1708,1708,test
1709,1709,validation
1710,1710,train
1711,1711,test
1712,1712,validation
1713,1713,train
1714,1714,train
1715,1715,train
1716,1716,test
1717,1717,train
1718,1718,train
1719,1719,validation
1720,1720,train
1721,1721,test
1722,1722,train
1723,1723,validation
1724,1724,train
1725,1725,train
1726,1726,train
1727,1727,test
1728,1728,validation
1729,1729,train
1730,1730,train
1731,1731,validation
1732,1732,test
1733,1733,train
1734,1734,train
1735,1735,train
1736,1736,train
1737,1737,test
1738,1738,validation
1739,1739,train
1740,1740,train
1741,1741,validation
1742,1742,test
1743,1743,train
1744,1744,train
1745,1745,train
1746,1746,test
1747,1747,train
1748,1748,validation
1749,1749,train
1750,1750,train
1751,1751,train
1752,1752,test
1753,1753,train
1754,1754,train
1755,1755,validation
1756,1756,test
1757,1757,train
1758,1758,validation
1759,1759,train
1760,1760,test
1761,1761,train
1762,1762,train
1763,1763,train
1764,1764,validation
1765,1765,train
1766,1766,test
1767,1767,validation
1768,1768,train
1769,1769,train
1770,1770,train
1771,1771,test
1772,1772,train
1773,1773,validation
1774,1774,train
1775,1775,train
1776,1776,train
1777,1777,test
1778,1778,validation
1779,1779,train
1780,1780,train
1781,1781,train
1782,1782,train
1783,1783,test
1784,1784,validation
1785,1785,train
1786,1786,train
1787,1787,test
1788,1788,validation
1789,1789,train
1790,1790,train
1791,1791,train
1792,1792,test
1793,1793,validation
1794,1794,train
1795,1795,train
1796,1796,train
1797,1797,test
1798,1798,validation
1799,1799,train
1800,1800,train
1801,1801,train
1802,1802,train
1803,1803,train
1804,1804,test
1805,1805,validation
1806,1806,train
1807,1807,validation
1808,1808,test
1809,1809,train
1810,1810,train
1811,1811,train
1812,1812,train
1813,1813,test
1814,1814,validation
1815,1815,train
1816,1816,train
1817,1817,train
1818,1818,test
1819,1819,validation
1820,1820,train
1821,1821,train
1822,1822,test
1823,1823,validation
1824,1824,train
1825,1825,train
1826,1826,train
1827,1827,test
1828,1828,train
1829,1829,train
1830,1830,validation
1831,1831,train
1832,1832,train
1833,1833,train
1834,1834,train
1835,1835,test
1836,1836,validation
1837,1837,train
1838,1838,test
1839,1839,train
1840,1840,validation
1841,1841,train
1842,1842,train
1843,1843,train
1844,1844,test
1845,1845,validation
1846,1846,train
1847,1847,train
1848,1848,train
1849,1849,train
1850,1850,test
1851,1851,validation
1852,1852,train
1853,1853,train
1854,1854,test
1855,1855,validation
1856,1856,train
1857,1857,train
1858,1858,train
1859,1859,train
1860,1860,test
1861,1861,validation
1862,1862,train
1863,1863,train
1864,1864,train
1865,1865,test
1866,1866,train
1867,1867,train
1868,1868,validation
1869,1869,validation
1870,1870,train
1871,1871,train
1872,1872,train
1873,1873,test
1874,1874,validation
1875,1875,train
1876,1876,validation
1877,1877,train
1878,1878,test
1879,1879,train
1880,1880,train
1881,1881,test
1882,1882,validation
1883,1883,train
1884,1884,train
1885,1885,train
1886,1886,train
1887,1887,test
1888,1888,validation
1889,1889,train
1890,1890,train
1891,1891,train
1892,1892,train
1893,1893,test
1894,1894,train
1895,1895,validation
1896,1896,test
1897,1897,train
1898,1898,train
1899,1899,validation
1900,1900,train
1901,1901,validation
1902,1902,train
1903,1903,test
1904,1904,train
1905,1905,train
1906,1906,test
1907,1907,validation
1908,1908,train
1909,1909,train
1910,1910,test
1911,1911,train
1912,1912,train
1913,1913,train
1914,1914,test
1915,1915,validation
1916,1916,train
1917,1917,train
1918,1918,train
1919,1919,validation
1920,1920,test
1921,1921,train
1922,1922,train
1923,1923,train
1924,1924,test
1925,1925,validation
1926,1926,train
1927,1927,train
1928,1928,train
1929,1929,test
1930,1930,validation
1931,1931,train
1932,1932,train
1933,1933,train
1934,1934,train
1935,1935,train
1936,1936,test
1937,1937,validation
1938,1938,train
1939,1939,train
1940,1940,test
1941,1941,validation
1942,1942,train
1943,1943,train
1944,1944,test
1945,1945,validation
1946,1946,train
1947,1947,train
1948,1948,train
1949,1949,test
1950,1950,validation
1951,1951,train
1952,1952,train
1953,1953,train
1954,1954,test
1955,1955,validation
1956,1956,train
1957,1957,train
1958,1958,train
1959,1959,train
1960,1960,test
1961,1961,validation
1962,1962,train
1963,1963,train
1964,1964,test
1965,1965,train
1966,1966,train
1967,1967,validation
1968,1968,train
1969,1969,validation
1970,1970,train
1971,1971,test
1972,1972,train
1973,1973,train
1974,1974,train
1975,1975,validation
1976,1976,train
1977,1977,test
1978,1978,train
1979,1979,train
1980,1980,test
1981,1981,validation
1982,1982,train
1983,1983,train
1984,1984,train
1985,1985,test
1986,1986,validation
1987,1987,train
1988,1988,train
1989,1989,test
1990,1990,validation
1991,1991,train
1992,1992,train
1993,1993,train
1994,1994,test
1995,1995,validation
1996,1996,train
1997,1997,train
1998,1998,test
1999,1999,validation
2000,2000,train
2001,2001,train
2002,2002,train
2003,2003,test
2004,2004,train
2005,2005,validation
2006,2006,train
2007,2007,train
2008,2008,train
2009,2009,test
2010,2010,validation
2011,2011,train
2012,2012,train
2013,2013,train
2014,2014,validation
2015,2015,test
2016,2016,train
2017,2017,train
2018,2018,test
2019,2019,validation
2020,2020,train
2021,2021,test
2022,2022,train
2023,2023,train
2024,2024,validation
2025,2025,train
2026,2026,test
2027,2027,train
2028,2028,train
2029,2029,train
2030,2030,train
2031,2031,validation
2032,2032,test
2033,2033,train
2034,2034,train
2035,2035,test
2036,2036,validation
2037,2037,train
2038,2038,train
2039,2039,train
2040,2040,test
2041,2041,test
2042,2042,validation
2043,2043,train
2044,2044,train
2045,2045,validation
2046,2046,validation
2047,2047,test
2048,2048,train
2049,2049,train
2050,2050,validation
2051,1192,test
2052,2052,train
2053,2053,test
2054,2054,train
2055,2055,train
2056,2056,validation
2057,2057,train
2058,2058,train
2059,2059,test
2060,2060,train
2061,2061,validation
2062,2062,train
2063,2063,test
2064,2064,train
2065,2065,train
2066,2066,train
2067,2067,test
2068,2068,test
2069,2069,validation
2070,2070,train
2071,2071,train
2072,2072,train
2073,1268,train
2074,2074,train
2075,2075,validation
2076,1144,validation
2077,2077,train
2078,2078,train
2079,2079,validation
2080,2080,test
2081,136,train
2082,2082,train
2083,2083,train
2084,2084,train
2085,2085,train
2086,2086,train
2087,2087,validation
2088,266,train
2089,2089,test
2090,2090,train
2091,2091,train
2092,2092,train
2093,2093,test
2094,2094,validation
2095,2095,train
2096,2096,train
2097,1334,train
2098,2098,train
2099,2099,test
2100,2100,validation
2101,2099,test
2102,2102,validation
2103,2103,train
2104,2104,train
2105,2105,train
2106,2106,test
2107,2107,validation
2108,2108,train
2109,2109,train
2110,2110,train
2111,2111,test
2112,2112,validation
2113,2113,train
2114,2114,train
2115,2115,train
2116,2116,test
2117,1588,test
2118,2118,validation
2119,2119,train
2120,1170,train
2121,2121,train
2122,2122,train
2123,2123,train
2124,2124,test
2125,2125,train
2126,2126,validation
2127,2127,train
2128,2128,train
2129,2129,train
2130,2130,train
2131,2131,test
2132,2132,validation
2133,2133,train
2134,2134,train
2135,2135,test
2136,2136,validation
2137,2137,train
2138,2138,train
2139,2139,train
2140,2140,test
2141,2141,validation
2142,2142,train
2143,2143,train
2144,2144,train
2145,2145,validation
2146,2146,train
2147,2147,test
2148,2148,train
2149,2149,train
2150,2150,test
2151,2151,validation
2152,2152,train
2153,2153,train
2154,2154,train
2155,2155,test
2156,324,train
2157,229,validation
2158,2158,validation
2159,2159,train
2160,2160,train
2161,2161,train
2162,2162,validation
2163,2163,test
2164,2164,train
2165,2165,train
2166,976,train
2167,2167,train
2168,2168,validation
2169,2169,test
2170,2170,train
2171,1091,train
2172,2172,train
2173,2173,train
2174,1170,train
2175,2175,test
2176,2176,validation
2177,2177,train
2178,2178,train
2179,2179,train
2180,2180,train
2181,2181,test
2182,2182,train
2183,2183,train
2184,2184,validation
2185,2185,test
2186,2186,validation
2187,2187,train
2188,2188,train
2189,2189,train
2190,2190,test
2191,2191,validation
2192,2192,train
2193,2193,train
2194,2194,train
2195,2195,test
2196,1415,train
2197,2197,validation
2198,2198,train
2199,2199,train
2200,2200,train
2201,2201,train
2202,2202,test
2203,739,train
2204,2204,train
2205,2205,validation
2206,2206,test
2207,2207,test
2208,2208,train
2209,2209,train
2210,1701,validation
2211,2211,validation
2212,2212,train
2213,2213,train
2214,2214,train
2215,2215,test
2216,2216,validation
2217,2217,train
2218,2218,train
2219,2219,test
2220,2220,train
2221,1991,train
2222,2222,validation
2223,2223,train
2224,1924,test
2225,2225,train
2226,1074,train
2227,2227,test
2228,2228,train
2229,2229,validation
2230,2230,train
2231,2231,train
2232,2232,test
2233,2233,validation
2234,2234,train
2235,2235,train
2236,1547,train
2237,2237,train
2238,2238,test
2239,2239,train
2240,2240,validation
2241,2241,train
2242,2242,train
2243,2243,test
2244,2244,validation
2245,2245,train
2246,2246,train
2247,2247,train
2248,2248,test
2249,2249,validation
2250,2250,train
2251,2251,train
2252,2252,validation
2253,2253,train
2254,45,train
2255,2255,test
2256,2256,train
2257,2257,train
2258,2258,test
2259,2259,train
2260,2260,validation
2261,2261,train
2262,2262,train
2263,376,validation
2264,2264,train
2265,2265,train
2266,2266,test
2267,2267,train
2268,2268,validation
2269,2269,train
2270,2270,test
2271,2271,validation
2272,2272,train
2273,2273,train
2274,2274,train
2275,2275,train
2276,2276,test
2277,2277,validation
2278,2278,train
2279,2279,test
2280,2280,train
2281,2281,train
2282,2282,train
2283,5,validation
2284,2284,validation
2285,2285,train
2286,2286,test
2287,2287,validation
2288,2288,train
2289,2289,train
2290,2290,train
2291,2291,train
2292,2292,test
2293,2293,validation
2294,2294,train
2295,2295,train
2296,2296,test
2297,246,train
2298,2298,train
2299,2299,train
2300,2300,train
2301,1204,validation
2302,1873,test
2303,2303,validation
2304,2304,test
2305,2305,train
2306,2306,validation
2307,2307,train
2308,2308,train
2309,2309,test
2310,2310,train
2311,2311,train
2312,2312,validation
2313,2313,train
2314,2314,test
2315,2315,validation
2316,2316,train
2317,2317,train
2318,2318,train
2319,2319,train
2320,1943,train
2321,2321,test
2322,2322,validation
2323,2323,train
2324,2324,train
2325,2325,train
2326,2326,test
2327,2327,train
2328,2328,validation
2329,2329,train
2330,2330,train
2331,2331,test
2332,2332,train
2333,2333,train
2334,2334,test
2335,2335,validation
2336,2336,train
2337,2337,train
2338,2338,train
2339,2339,test
2340,2340,validation
2341,2341,train
2342,2342,train
2343,2343,validation
2344,2344,train
2345,2181,test
2346,2346,train
2347,2347,train
2348,2348,validation
2349,2349,test
2350,2350,train
2351,2351,train
2352,633,validation
2353,2353,train
2354,2354,test
2355,2355,validation
2356,2356,train
2357,1637,train
2358,2358,train
2359,2359,test
2360,2360,train
2361,2361,validation
2362,2362,train
2363,2363,train
2364,593,train
2365,171,train
2366,2366,test
2367,2367,validation
2368,2368,train
2369,2369,train
2370,2370,train
2371,1,validation
2372,2372,test
2373,2373,validation
2374,2374,train
2375,2375,train
2376,2376,train
2377,2377,train
2378,2378,test
2379,2379,validation
2380,2380,train
2381,2381,train
2382,2382,test
2383,2383,validation
2384,2384,train
2385,724,test
2386,2386,train
2387,2387,train
2388,2388,train
2389,2389,test
2390,2390,validation
2391,2391,train
2392,2392,test
2393,2393,train
2394,2394,validation
2395,2395,train
2396,2396,validation
2397,2397,train
2398,2398,train
2399,2399,test
2400,2400,validation
2401,2401,train
2402,2402,train
2403,1641,validation
2404,2404,train
2405,2405,test
2406,2406,test
2407,2407,validation
2408,2408,train
2409,2409,train
2410,2410,train
2411,2411,validation
2412,2412,train
2413,2413,train
2414,2414,train
2415,2415,test
2416,2416,validation
2417,2417,train
2418,317,train
2419,2419,train
2420,2420,train
2421,2421,train
2422,2422,test
2423,1701,validation
2424,2424,test
2425,2425,validation
2426,2426,train
2427,2427,train
2428,2428,train
2429,2429,validation
2430,2430,test
2431,2431,train
2432,2432,train
2433,2433,validation
2434,2434,train
2435,2435,train
2436,2436,test
2437,2437,train
2438,2419,train
2439,2439,train
2440,2440,validation
2441,2441,train
2442,2442,test
2443,2443,train
2444,2444,validation
2445,2445,train
2446,2446,train
2447,2447,test
2448,2448,train
2449,2449,validation
2450,2450,train
2451,2451,train
2452,2452,train
2453,2453,test
2454,2454,validation
2455,2455,train
2456,2456,train
2457,2457,train
2458,644,train
2459,2459,validation
2460,2460,train
2461,1648,train
2462,2462,test
2463,2463,train
2464,2464,train
2465,2465,test
2466,2466,validation
2467,2467,train
2468,2468,test
2469,2469,train
2470,2470,train
2471,2471,test
2472,2472,validation
2473,2473,train
2474,2474,train
2475,1189,train
2476,2476,train
2477,2477,test
2478,2478,train
2479,1568,validation
2480,2480,validation
2481,2481,train
2482,2482,train
2483,2483,test
2484,2484,validation
2485,2485,train
2486,2486,train
2487,2487,train
2488,1516,train
2489,2489,train
2490,2490,train
2491,2491,train
2492,2492,train
2493,2493,test
2494,2494,validation
2495,2495,test
2496,2496,validation
2497,2497,train
2498,2247,train
2499,2499,train
2500,2500,train
2501,2501,train
2502,1736,train
2503,2503,train
2504,2504,test
2505,2505,validation
2506,2506,train
2507,2507,train
2508,2508,train
2509,2509,test
2510,2510,validation
2511,2511,train
2512,2512,test
2513,2223,train
2514,2514,train
2515,2515,train
2516,2516,validation
2517,2517,train
2518,2518,train
2519,2519,test
2520,2520,train
2521,2521,validation
2522,2522,train
2523,2523,train
2524,2524,train
2525,2525,test
2526,2526,validation
2527,640,train
2528,2528,train
2529,2529,train
2530,2530,train
2531,2531,train
2532,2532,test
2533,2533,train
2534,1157,test
2535,2535,validation
2536,2536,test
2537,2537,validation
2538,2538,train
2539,2539,train
2540,2540,train
2541,2541,train
2542,2542,train
2543,2543,train
2544,1215,train
2545,2545,test
2546,2546,validation
2547,2547,train
2548,2548,test
2549,2549,validation
2550,2550,train
2551,2551,train
2552,2552,test
2553,2553,validation
2554,2554,train
2555,471,train
2556,2556,train
2557,2557,train
2558,2558,test
2559,2559,validation
2560,2560,train
2561,2561,train
2562,2562,test
2563,1450,train
2564,2564,train
2565,2565,validation
2566,2566,train
2567,2567,train
2568,2568,test
2569,2569,validation
2570,2570,train
2571,2571,train
2572,2572,test
2573,2573,validation
2574,2574,train
2575,2575,train
2576,2576,train
2577,2577,validation
2578,2578,train
2579,2579,test
2580,2580,train
2581,2581,train
2582,2582,test
2583,2583,validation
2584,2584,train
2585,2585,train
2586,2586,train
2587,2587,validation
2588,2588,test
2589,2589,train
2590,2590,train
2591,2591,train
2592,2592,validation
2593,2593,train
2594,2594,test
2595,2595,train
2596,2596,train
2597,2597,train
2598,2598,validation
2599,2599,train
2600,2600,test
2601,2601,train
2602,2602,train
2603,2603,validation
2604,2604,train
2605,2605,test
2606,141,train
2607,2607,train
2608,2608,train
2609,2609,validation
2610,2610,test
2611,2611,train
2612,2612,train
2613,2613,train
2614,2614,test
2615,2615,validation
2616,2616,train
2617,2617,train
2618,2618,train
2619,2619,test
2620,2620,validation
2621,2621,train
2622,2622,test
2623,2623,train
2624,2624,train
2625,2625,validation
2626,2626,train
2627,2627,train
2628,2628,train
2629,2629,validation
2630,2630,test
2631,2631,train
2632,2632,train
2633,2633,train
2634,2634,test
2635,1661,test
2636,2636,validation
2637,2637,train
2638,2638,train
2639,2639,test
2640,2640,validation
2641,2641,train
2642,2642,train
2643,2643,train
2644,2644,test
2645,2645,validation
2646,609,train
2647,2647,train
2648,2648,train
2649,2037,train
2650,338,train
2651,2651,train
2652,2652,test
2653,2653,validation
2654,1959,train
2655,2655,train
2656,2656,train
2657,2657,validation
2658,2658,train
2659,2659,test
2660,2660,train
2661,2661,train
2662,2662,train
2663,2663,validation
2664,2664,test
2665,2665,train
2666,2666,train
2667,2667,train
2668,2668,test
2669,2669,validation
2670,2670,train
2671,2671,train
2672,2672,validation
2673,2673,train
2674,2674,train
2675,2675,test
2676,2676,train
2677,2677,train
2678,1073,test
2679,2679,validation
2680,2680,train
2681,2681,test
2682,2682,train
2683,2683,train
2684,2684,validation
2685,2685,train
2686,2686,test
2687,2687,train
2688,2688,train
2689,2689,test
2690,2690,validation
2691,2691,train
2692,2692,train
2693,2693,test
2694,2694,train
2695,2695,validation
2696,2696,train
2697,2697,train
2698,2698,test
2699,2699,train
2700,2700,train
2701,2701,train
2702,2702,validation
2703,2703,train
2704,2704,test
2705,2705,train
2706,2706,validation
2707,2707,train
2708,1217,train
2709,2709,train
2710,2710,test
2711,2711,validation
2712,2712,train
2713,2713,train
2714,2714,train
2715,2715,train
2716,2716,test
2717,2717,validation
2718,194,train
2719,2719,train
2720,2720,validation
2721,2125,train
2722,2722,train
2723,2723,test
2724,2724,train
2725,2725,train
2726,2726,validation
2727,2727,train
2728,2728,test
2729,2729,train
2730,2730,train
2731,2731,train
2732,351,train
2733,2733,validation
2734,1569,train
2735,2735,test
2736,2736,test
2737,2737,train
2738,2738,train
2739,2739,train
2740,2740,test
2741,2741,validation
2742,2742,train
2743,2743,train
2744,1077,validation
2745,2745,test
2746,2746,validation
2747,2747,validation
2748,2748,train
2749,2749,train
2750,2750,train
2751,2751,train
2752,2752,train
2753,2753,test
2754,2754,validation
2755,2755,train
2756,2756,train
2757,2757,train
2758,2758,test
2759,1285,train
2760,2760,train
2761,2761,validation
2762,2762,train
2763,2763,test
2764,2764,validation
2765,2765,train
2766,2766,train
2767,2767,train
2768,2768,train
2769,2769,test
2770,2770,validation
2771,2771,train
2772,2772,train
2773,2773,test
2774,2774,validation
2775,926,validation
2776,2776,train
2777,2777,train
2778,2778,train
2779,2779,test
2780,2780,validation
2781,2781,train
2782,2782,train
2783,2783,train
2784,2784,train
2785,2785,train
2786,2786,test
2787,2787,validation
2788,2788,train
2789,2789,test
2790,2790,validation
2791,863,validation
2792,2792,train
2793,2793,train
2794,2794,train
2795,2795,test
2796,2796,train
2797,2797,validation
2798,2798,train
2799,2799,train
2800,2800,test
2801,2801,train
2802,48,train
2803,2803,validation
2804,2804,test
2805,2805,train
2806,2806,train
2807,2807,train
2808,2808,validation
2809,2809,train
2810,2810,train
2811,2811,test
2812,2812,validation
2813,2813,train
2814,2814,train
2815,2815,train
2816,2816,train
2817,2817,test
2818,2818,train
2819,2819,validation
2820,2820,train
2821,2821,test
2822,2822,train
2823,2823,train
2824,2824,validation
2825,723,train
2826,2826,train
2827,2827,test
2828,2828,train
2829,2829,validation
2830,2830,train
2831,2831,train
2832,2832,test
2833,2833,validation
2834,2834,train
2835,2835,train
2836,2836,validation
2837,2837,train
2838,2838,test
2839,2839,train
2840,2840,train
2841,2841,train
2842,2842,test
2843,2843,validation
2844,2844,train
2845,2845,train
2846,2846,train
2847,2847,test
2848,2848,validation
2849,2849,train
2850,2512,test
2851,2851,train
2852,2852,train
2853,1892,train
2854,2854,test
2855,1132,train
2856,2856,validation
2857,2857,train
2858,2858,train
2859,2859,train
2860,2860,validation
2861,2861,test
2862,2862,train
2863,2863,train
2864,2864,train
2865,2865,test
2866,2866,validation
2867,596,train
2868,2868,train
2869,2869,train
2870,2870,train
2871,1909,train
2872,1941,validation
2873,2873,test
2874,2874,train
2875,2875,validation
2876,2876,train
2877,2877,train
2878,596,train
2879,2040,test
2880,2880,test
2881,2881,validation
2882,2882,train
2883,2883,train
2884,330,train
2885,2885,train
2886,1400,train
2887,2887,train
2888,1794,train
2889,2889,train
2890,2890,validation
2891,2891,train
2892,2892,test
2893,2893,validation
2894,2894,train
2895,657,test
2896,2896,train
2897,2897,train
2898,2898,test
2899,1785,train
2900,2900,train
2901,2901,train
2902,2902,train
2903,2903,validation
2904,2904,train
2905,2905,validation
2906,2906,train
2907,2907,test
2908,2908,train
2909,2909,test
2910,1745,train
2911,2911,validation
2912,2912,train
2913,2913,train
2914,2914,train
2915,2915,train
2916,2916,test
2917,2917,validation
2918,2918,train
2919,2919,train
2920,2920,test
2921,2921,validation
2922,2922,train
2923,2923,validation
2924,2924,train
2925,2925,train
2926,2926,test
2927,2927,train
2928,617,validation
2929,2929,test
2930,2930,validation
2931,2931,train
2932,683,train
2933,2933,train
2934,2934,train
2935,2935,train
2936,2936,test
2937,2937,validation
2938,631,train
2939,1937,validation
2940,2940,train
2941,2941,train
2942,2942,train
2943,2943,validation
2944,2944,train
2945,2945,test
2946,2946,validation
2947,2947,train
2948,2948,train
2949,2949,train
2950,2950,test
2951,2951,validation
2952,2952,train
2953,2953,test
2954,2356,train
2955,2955,train
2956,6,train
2957,1414,validation
2958,2958,train
2959,2495,test
2960,2960,validation
2961,2961,train
2962,2962,train
2963,2963,train
2964,2964,test
2965,2965,test
2966,2966,validation
2967,2967,train
2968,2968,train
2969,2969,train
2970,1254,train
2971,2971,train
2972,2972,test
2973,1030,train
2974,2974,validation
2975,2975,train
2976,2976,train
2977,2977,train
2978,2978,test
2979,2979,validation
2980,1409,validation
2981,2981,train
2982,2982,train
2983,2983,train
2984,2984,test
2985,2985,train
2986,2986,validation
2987,2987,test
2988,2988,train
2989,2989,validation
2990,2990,train
2991,2991,train
2992,2992,train
2993,2993,test
2994,2994,train
2995,2995,train
2996,2201,train
2997,2997,validation
2998,2998,train
2999,2999,train
3000,3000,test
3001,3001,validation
3002,3002,train
3003,3003,train
3004,3004,train
3005,3005,train
3006,3006,test
3007,3007,validation
3008,3008,train
3009,3009,train
3010,3010,test
3011,277,train
3012,3012,train
3013,3013,validation
3014,3014,train
3015,3015,train
3016,3016,train
3017,3017,test
3018,3018,train
3019,3019,validation
3020,3020,train
3021,486,test
3022,3022,validation
3023,3023,train
3024,3024,test
3025,3025,train
3026,3026,train
3027,691,train
3028,3028,train
3029,3029,train
3030,3030,test
3031,3031,validation
3032,3032,train
3033,3033,train
3034,3034,test
3035,3035,validation
3036,3036,train
3037,3037,train
3038,3038,train
3039,1763,train
3040,3040,test
3041,3041,validation
3042,3042,train
3043,3043,train
3044,3044,validation
3045,3045,train
3046,3046,train
3047,3047,test
3048,2547,train
3049,3049,train
3050,3050,validation
3051,3051,train
3052,3052,train
3053,3053,test
3054,3054,train
3055,3055,test
3056,3056,validation
3057,3057,train
3058,3058,train
3059,2733,validation
3060,750,validation
3061,3061,train
3062,3062,test
3063,3063,validation
3064,3064,train
3065,3065,train
3066,3066,train
3067,778,train
3068,3068,validation
3069,3069,test
3070,3070,train
3071,3071,train
3072,3072,train
3073,3073,test
3074,3074,validation
3075,3075,train
3076,3076,train
3077,3077,validation
3078,3078,train
3079,3079,train
3080,3080,test
3081,3081,train
3082,3082,test
3083,1525,train
